type,target,tokens,complex_ca_rmsd,per_chain_mean,per_chain_best,per_chain_worst,n_chains,best_dockq,nucleic_bb_rmsd,best_ligand_rmsd,ptm,iptm,has_clash,seed_rmsd_std
hetero-dimer,hetero-dimer_29HN,214,1.157,0.763,0.242,1.284,2,0.946,,,0.90,0.87,0.0,0.091
hetero-dimer,hetero-dimer_9SR0,293,1.871,1.212,0.486,1.938,2,0.847,,,0.87,0.86,0.0,0.335
hetero-dimer,hetero-dimer_9TP9,398,0.735,0.715,0.573,0.856,2,0.932,,,0.92,0.92,0.0,0.197
hetero-dimer,hetero-dimer_9ZCM,453,2.914,2.558,1.379,3.737,2,0.763,,,0.85,0.85,0.0,0.132
hetero-tetramer,hetero-tetramer_9G12,372,2.489,1.533,1.345,1.719,4,0.831,,,0.79,0.75,0.0,0.405
hetero-tetramer,hetero-tetramer_9ZDM,460,12.661,1.210,0.927,1.509,4,0.871,,,0.55,0.44,0.0,3.973
hetero-tetramer,hetero-tetramer_9K1U,632,20.027,1.431,1.148,1.737,4,0.753,,,0.46,0.38,0.0,4.868
hetero-tetramer,hetero-tetramer_9H8W,806,20.529,2.278,0.766,3.814,4,0.390,,,0.79,0.78,0.0,0.177
hetero-trimer,hetero-trimer_9YE9,324,0.845,0.476,0.459,0.489,3,0.933,,,0.83,0.81,0.0,0.078
hetero-trimer,hetero-trimer_22EE,385,0.744,0.628,0.512,0.744,2,0.980,,,0.95,0.95,0.0,0.223
hetero-trimer,hetero-trimer_11GY,669,2.662,1.964,1.040,2.442,3,0.742,,,0.85,0.82,0.0,0.744
hetero-trimer,hetero-trimer_9KA6,758,2.460,0.488,0.366,0.555,3,0.981,,,0.86,0.81,0.0,0.179
homo-polymer,homo-polymer_9LVU,186,16.104,0.830,0.827,0.832,3,0.024,,,0.87,0.86,0.0,0.032
homo-polymer,homo-polymer_22FH,244,17.473,1.738,1.728,1.748,2,0.010,,,0.84,0.77,0.0,0.067
homo-polymer,homo-polymer_9MNR,524,0.707,0.596,0.595,0.598,4,0.984,,,0.90,0.89,0.0,0.068
homo-polymer,homo-polymer_6RCD,808,27.150,12.207,12.168,12.300,8,0.031,,,0.25,0.16,0.0,3.135
large,large_4WVF,1463,2.803,2.727,0.530,6.832,3,0.860,,0.160,0.94,0.94,0.0,6.244
large,large_7S3H,1533,16.151,16.151,16.151,16.151,1,,1.706,,0.88,0.84,0.0,0.058
large,large_3U7Q,2177,0.466,0.422,0.295,0.555,4,0.980,,0.126,0.96,0.95,0.0,0.000
large,large_9UA9,2187,49.688,1.474,0.604,2.645,9,0.647,,1.160,0.62,0.54,0.0,0.000
monomer,monomer_9X1W,92,1.824,1.824,1.824,1.824,1,,,,0.75,,0.0,0.462
monomer,monomer_28VW,141,0.818,0.818,0.818,0.818,1,,,,0.92,,0.0,0.120
monomer,monomer_26LM,399,20.530,20.530,20.530,20.530,1,,,,0.78,,0.0,0.154
monomer,monomer_9XG1,793,31.188,31.188,31.188,31.188,1,,,,0.52,,0.0,3.610
monomer-ligand,monomer-ligand_36OM,203,1.167,1.167,1.167,1.167,1,,,0.726,0.93,0.96,0.0,0.223
monomer-ligand,monomer-ligand_9EAZ,222,1.284,1.284,1.284,1.284,1,,,0.480,0.88,0.96,0.0,0.049
monomer-ligand,monomer-ligand_9TOK,282,1.414,1.414,1.414,1.414,1,,,1.120,0.97,0.97,0.0,0.058
monomer-ligand,monomer-ligand_9U7X,439,0.737,0.737,0.737,0.737,1,,,0.698,0.95,0.97,0.0,0.163
polymer-ligand,polymer-ligand_1M2D,228,0.738,0.671,0.671,0.672,2,0.913,,0.141,0.95,0.94,0.0,0.031
polymer-ligand,polymer-ligand_1Z0J,262,1.121,0.940,0.907,0.973,2,0.851,,0.097,0.94,0.92,0.0,1.574
polymer-ligand,polymer-ligand_9OHL,391,1.631,1.549,1.365,1.733,2,0.810,,0.540,0.94,0.93,0.0,0.046
polymer-ligand,polymer-ligand_1SBY,608,0.475,0.337,0.336,0.338,2,0.974,,0.559,0.97,0.97,0.0,0.018
protein-DNA,protein-DNA_8PMF,90,2.263,2.263,2.263,2.263,1,,0.820,,0.87,0.87,0.0,0.133
protein-DNA,protein-DNA_4X9J,114,0.538,0.538,0.538,0.538,1,,0.449,0.061,0.91,0.93,0.0,0.046
protein-DNA,protein-DNA_8SMH,140,1.605,1.605,1.605,1.605,1,,1.251,,0.85,0.89,0.0,0.081
protein-DNA,protein-DNA_1MNN,368,17.600,17.600,17.600,17.600,1,,0.818,,0.49,0.08,0.0,2.469
protein-DNA-ligand,protein-DNA-ligand_9Y19,396,0.298,0.298,0.298,0.298,1,,0.281,0.056,0.94,0.96,0.0,0.169
protein-DNA-ligand,protein-DNA-ligand_6X6Z,502,0.745,0.745,0.745,0.745,1,,0.430,1.025,0.95,0.96,0.0,0.128
protein-DNA-ligand,protein-DNA-ligand_8G2P,930,0.829,0.647,0.645,0.648,2,0.951,0.781,0.152,0.93,0.91,0.0,0.074
protein-DNA-ligand,protein-DNA-ligand_9V5P,1009,1.261,1.261,1.261,1.261,1,,2.387,0.358,0.89,0.82,0.0,0.062
protein-RNA,protein-RNA_3PF4,143,8.342,0.542,0.532,0.552,2,0.105,2.999,,0.54,0.27,0.0,0.489
protein-RNA,protein-RNA_6GD3,268,16.225,0.638,0.554,0.700,3,0.047,5.477,,0.51,0.36,0.0,1.534
protein-RNA,protein-RNA_5KLA,353,1.312,1.312,1.312,1.312,1,,0.574,,0.92,0.95,0.0,0.150
protein-RNA,protein-RNA_4LGT,552,25.815,1.247,1.232,1.262,2,0.006,2.302,,0.61,0.52,0.0,6.170
protein-RNA-ligand,protein-RNA-ligand_9NXS,481,1.604,1.604,1.604,1.604,1,,1.820,3.352,0.93,0.93,0.0,0.260
protein-RNA-ligand,protein-RNA-ligand_9AVR,495,1.002,1.002,1.002,1.002,1,,0.361,0.251,0.93,0.95,0.0,0.011
protein-RNA-ligand,protein-RNA-ligand_9SDF,555,1.478,1.479,1.479,1.479,1,0.496,2.393,,0.80,0.78,0.0,0.470
protein-RNA-ligand,protein-RNA-ligand_9LJR,637,1.171,1.171,1.171,1.171,1,,0.945,0.106,0.95,0.93,0.0,0.038
protein-protein-ligand-ion,protein-protein-ligand-ion_9E48,288,0.341,0.259,0.247,0.271,2,0.959,,0.129,0.97,0.97,0.0,0.021
protein-protein-ligand-ion,protein-protein-ligand-ion_36OK,443,16.115,0.827,0.494,1.160,2,0.016,,0.139,0.79,0.76,0.0,2.737
protein-protein-ligand-ion,protein-protein-ligand-ion_7W4Z,573,12.937,4.564,1.737,7.391,2,0.023,,0.318,0.80,0.77,0.0,3.010
protein-protein-ligand-ion,protein-protein-ligand-ion_9PV1,677,1.823,1.532,1.531,1.533,2,0.796,,1.019,0.86,0.79,0.0,0.092
